<?xml version="1.0"?>
<entries xmlns:xsi="http://www.w3.org/2001/XMLSchema-instance" xmlns:xsd="http://www.w3.org/2001/XMLSchema">
  <entry name="" kind="folder" url="https://tfs02.codeplex.com:443/" path="$/vistacontrols/" id="737" changeset="737" shadow="3bf79cf1e2c34371be41f81b27e53124" />
  <entry name="Controls" kind="folder" id="51724" changeset="2757" shadow="eef1247c7f254e16adffaf9b383abcd4" />
  <entry name="frmExample.cs" kind="file" id="51688" changeset="2757" />
  <entry name="frmExample.Designer.cs" kind="file" id="51689" changeset="2757" />
  <entry name="frmExample.resx" kind="file" id="51690" changeset="2757" />
  <entry name="frmTreeViewEx.cs" kind="file" id="51691" changeset="2757" />
  <entry name="frmTreeViewEx.Designer.cs" kind="file" id="51692" changeset="2757" />
  <entry name="frmTreeViewEx.resx" kind="file" id="51693" changeset="2757" />
  <entry name="Program.cs" kind="file" id="51694" changeset="2757" />
  <entry name="Properties" kind="folder" id="51725" changeset="2757" shadow="8ef8d1e3a2964f66a3155c06e76799ac" />
  <entry name="Vista Controls.csproj" kind="file" id="51695" changeset="2757" />
  <entry name="Vista Controls.csproj.vspscc" kind="file" id="51696" changeset="2757" />
  <entry name="Vista Controls.sln" kind="file" id="51697" changeset="2757" />
  <entry name="Vista Controls.vssscc" kind="file" id="51698" changeset="2757" />
</entries>